{"boundaryID": "DMA-ADM0-26965486", "boundaryISO": "DMA", "boundaryYear": "2005", "boundaryType": "ADM0", "boundarySource": "geoBoundaries, Wikimedia Commons", "boundaryCanonical": "the Commonwealth of Dominica", "boundaryLicense": "Creative Commons Attribution 2.5 Generic", "licenseDetail": "", "licenseSource": "https//commons.wikimedia.org/wiki/File", "boundarySourceURL": "https//commons.wikimedia.org/wiki/File", "sourceDataUpdateDate": "Thu Jan 19 07:31:04 2023", "buildDate": "Jan 23, 2023", "admUnitCount": "1", "meanVertices": "995.0", "minVertices": "995", "maxVertices": "995", "meanPerimeterLengthKM": "152.92297164757105", "maxPerimeterLengthKM": "152.92297164757105", "minPerimeterLengthKM": "152.92297164757105", "meanAreaSqKM": "752.2739166711565", "minAreaSqKM": "752.2739166711565", "maxAreaSqKM": "752.2739166711565"}