{"boundaryID": "DMA-ADM1-96108325", "boundaryISO": "DMA", "boundaryYear": "2005", "boundaryType": "ADM1", "boundarySource": "geoBoundaries, Wikimedia Commons", "boundaryCanonical": "Parish", "boundaryLicense": "Creative Commons Attribution 2.5 Generic", "licenseDetail": "", "licenseSource": "https//commons.wikimedia.org/wiki/File", "boundarySourceURL": "https//commons.wikimedia.org/wiki/File", "sourceDataUpdateDate": "Thu Jan 19 07:31:04 2023", "buildDate": "Jan 23, 2023", "admUnitCount": "10", "meanVertices": "236.0", "minVertices": "38", "maxVertices": "542", "meanPerimeterLengthKM": "40.45363441045008", "maxPerimeterLengthKM": "74.35569690024427", "minPerimeterLengthKM": "11.99104044313539", "meanAreaSqKM": "75.22739166870042", "minAreaSqKM": "7.894153040309731", "maxAreaSqKM": "181.23232043654812"}