﻿ID,FarmerName,Sex,MainCrop,AvgYield_kg_acre,OtherCrops,MainAnimal
1,Serious Business,F,dasheen,150,,
2,Anthony Jam,M,yam,250,,
3,Precious Lily,F,banana,140,,
4,No Nonsense,F,banana,140,,
5,Jamie Brad,F,banana,140,,
6,Julian Walmer,M,carrot,50,,
7,Claudelle Pinto,F,dasheen,150,,
8,Pontius Pius,M,banana,140,,
9,Pada Pada,M,banana,140,,
10,Malisa Malibu,F,yam,250,,
11,Junior James,M,carrot,50,,
12,Janeille Jump,F,dasheen,150,,
13,Shina Shorne,F,dasheen,150,,
14,Buta Bunta,M,dasheen,150,,
15,Natasha Pail,F,dasheen,150,,
16,Selina Sampa,F,yam,250,,
17,Brigit Mamba,F,banana,140,,
18,Sony Alata,M,banana,140,,
19,Anas Wayne,M,yam,250,,
20,Krit Campbell,M,banana,140,,
21,Delta Delta,M,yam,250,,
22,Charlene Charlery,F,yam,250,,
23,Foster Foxtrot,M,yam,250,,
24,Maria Monney,F,banana,140,,
25,Mina Monster,F,banana,140,,
26,Delta Delta,M,dasheen,150,,
27,Serious Business,F,dasheen,150,,
28,No Nonsense,F,yam,250,,
29,Neetha Alastair,F,yam,250,,
30,Brutal Burt,M,carrot,50,,
31,Alana Alanby,F,dasheen,150,,
32,Rita Rhodes,F,banana,140,,
33,Quenta Pun,M,banana,140,,
34,Zina Zarim,F,banana,140,,
35,Wild Wildey,M,yam,250,,
36,Trisha Taylor,F,yam,250,,
37,Prince Alabi,M,yam,250,,
38,Oscar Pooler,M,dasheen,150,,
39,Eric Erina,M,banana,140,,
40,Esther Shaun,F,banana,140,,
41,Abigail Chantey,F,dasheen,150,,
42,Jamie Brad,F,dasheen,150,,
43,Summer Ville,M,dasheen,150,,
44,Oscar Pooler,M,dasheen,150,,
45,Dreadey Dune,M,carrot,50,,
46,Dacosta Small,M,carrot,50,,
47,Frank Rudder,M,carrot,50,,
48,Erin Bhutta,M,carrot,50,,
49,Majorie Liam,F,dasheen,150,,
50,Constance Punta,F,carrot,50,,
